id,MntMeatProducts,Recency,Year_Birth,NumStorePurchases,NumCatalogPurchases,Income,MntGoldProdsurchases,MntWines,Response
1,429,91,2007,35,4,44431,345,460,0
2,4,83,1962,79,82,107161,436,310,0
3,111,21,1980,98,70,70963,101,198,1
4,455,10,1961,47,42,202393,474,210,0
5,206,27,1936,49,17,20074,452,422,1
6,478,3,1963,49,54,269987,469,384,0
7,188,60,1978,55,36,139315,435,334,1
8,473,67,1954,46,90,121672,312,11,0
9,159,55,2008,20,100,14275,233,408,1
10,121,76,1957,18,78,181262,230,273,0
11,342,32,1930,6,77,50207,292,308,0
12,437,43,1981,70,47,48267,229,67,0
13,120,33,1998,61,14,173507,18,38,0
14,394,54,1976,33,31,263671,479,398,1
15,343,25,1932,54,97,59992,138,19,1
16,419,58,1971,35,63,207298,242,479,1
17,372,80,1998,51,33,298104,451,55,1
18,301,76,1992,25,13,56137,217,76,1
19,468,52,2012,23,92,11742,52,292,1
20,343,10,1927,11,91,61112,226,103,1
21,217,22,1965,92,23,144594,366,219,0
22,257,16,1960,68,38,270683,48,347,0
23,104,20,2018,29,73,206628,337,24,0
24,453,36,1989,37,47,127146,252,57,0
25,117,86,2021,66,5,47113,351,494,1
26,251,74,2007,23,13,211387,70,320,1
27,387,63,1959,42,57,181922,182,497,0
28,252,85,1969,44,55,266670,46,357,0
29,19,58,2007,86,93,78845,437,116,1
30,255,27,1921,85,19,299684,190,129,0
31,257,92,1954,51,98,215646,354,475,0
32,191,62,1986,42,23,199101,65,39,1
33,487,8,1970,87,69,32496,325,300,0
34,377,58,1967,84,2,86332,384,380,0
35,151,31,2012,13,33,217535,42,244,1
36,490,3,2008,69,73,294887,380,433,0
37,297,5,2009,98,6,142992,118,313,1
38,329,24,1985,60,80,23034,293,323,0
39,30,97,1960,4,61,10037,438,298,1
40,162,86,1985,64,95,184298,374,239,0
41,30,55,1961,98,3,234677,283,339,0
42,156,5,1977,31,36,232122,219,138,0
43,97,80,2023,99,63,53645,101,103,0
44,114,1,1995,98,32,155774,70,216,1
45,296,12,1960,6,10,128047,362,192,1
46,201,98,1970,21,59,41799,192,273,1
47,483,62,2000,13,80,147350,171,260,0
48,84,54,1974,32,65,125659,284,53,1
49,98,3,1926,35,30,62366,364,16,0
50,118,28,1948,99,86,204914,380,23,0
51,432,37,1948,77,77,74923,471,227,1
52,472,37,2020,53,78,81791,282,106,1
53,346,3,1923,15,65,299480,185,299,0
54,178,72,1989,23,8,72746,386,245,1
55,322,61,1960,56,34,17584,96,321,0
56,165,57,1973,50,9,201160,253,224,0
57,19,55,1985,79,25,105081,417,183,1
58,330,98,1947,9,21,243433,150,63,1
59,354,28,1937,49,35,272639,69,65,1
60,372,85,1935,64,53,106788,161,46,1
61,252,98,2015,89,64,84502,239,168,1
62,195,12,1971,19,59,182729,457,373,0
63,50,60,1970,53,90,150846,386,217,0
64,176,41,1975,80,8,169394,69,482,0
65,436,85,1968,56,2,71283,175,108,1
66,167,22,1991,62,70,116039,482,88,1
67,286,67,1975,6,1,24000,157,465,0
68,368,8,2022,97,1,158321,276,480,0
69,418,25,1957,100,73,283709,387,206,1
70,454,53,1931,24,92,36128,369,318,1
71,369,49,1939,26,77,277785,117,138,1
72,484,47,1925,71,8,186441,465,274,0
73,105,86,2019,72,37,230731,237,80,0
74,190,89,1984,58,8,227068,10,17,0
75,421,80,1943,66,40,297845,277,491,0
76,297,53,1924,81,33,96476,268,408,1
77,299,28,1941,89,44,58300,269,178,0
78,480,8,1962,80,99,289437,400,104,1
79,185,86,1936,40,10,77883,45,83,1
80,424,82,1996,87,10,209540,162,36,0
81,149,60,1959,20,9,80530,107,239,0
82,403,11,1987,91,64,185222,150,486,1
83,156,78,1954,98,30,27218,13,5,0
84,129,94,1941,87,31,37055,387,121,1
85,14,76,1921,48,51,197447,220,442,1
86,226,93,1960,84,84,245545,139,56,1
87,347,15,2013,8,46,279028,449,142,0
88,389,66,1955,78,24,94610,486,215,1
89,492,96,1971,56,67,297678,123,398,0
90,311,1,1994,91,26,247545,418,317,0
91,69,52,1957,26,40,222087,287,474,1
92,159,31,1948,54,15,173842,342,269,1
93,187,84,1937,73,81,59553,395,423,1
94,23,49,2009,96,50,185502,417,346,0
95,219,60,1975,4,61,50723,186,258,0
96,235,56,1950,62,32,278478,452,12,0
97,273,82,1923,75,51,94834,163,90,0
98,270,92,1980,25,32,235208,168,360,0
99,142,58,2020,86,32,149465,190,108,1
100,367,96,1939,94,4,212010,16,393,0
101,262,32,1937,69,70,53808,314,421,0
102,221,84,2022,12,6,198463,284,378,1
103,285,76,1980,88,69,213858,370,332,0
104,434,26,1977,53,87,124824,293,146,0
105,71,33,2014,67,60,36158,77,93,0
106,459,22,1924,95,27,51315,235,269,1
107,124,36,2018,19,3,223803,379,315,1
108,439,87,1922,20,22,225815,25,16,1
109,387,6,1993,63,92,75979,130,442,0
110,239,5,1971,67,81,111531,49,237,0
111,98,31,1984,47,45,242505,335,498,1
112,392,22,1928,73,37,124826,17,485,1
113,13,21,1983,92,51,40637,469,249,0
114,323,94,2008,52,93,109613,442,354,0
115,285,55,2011,45,11,96686,7,159,0
116,387,48,1969,96,39,216417,158,305,1
117,445,99,1976,24,51,237187,390,432,1
118,375,13,1998,16,39,117908,252,216,0
119,28,13,2006,53,49,11741,85,341,1
120,167,63,1960,63,21,50909,281,25,1
121,14,52,1979,64,33,39923,63,78,0
122,58,19,1980,21,96,291781,457,462,1
123,297,67,1926,56,32,83495,10,257,1
124,390,74,1986,78,30,260974,479,354,1
125,238,79,1965,45,30,217029,354,181,1
126,2,56,1924,50,44,129694,492,359,1
127,500,39,1994,37,3,42540,90,361,0
128,438,17,1974,14,75,71667,143,335,1
129,52,46,1955,46,9,250300,419,239,0
130,354,41,1979,3,22,161523,331,221,0
131,269,47,1989,95,12,230207,206,176,0
132,333,38,2020,73,74,76672,70,297,1
133,453,34,1979,49,56,13092,400,464,0
134,403,81,1975,26,9,90303,66,408,0
135,249,90,1984,32,34,57641,271,110,0
136,180,67,1941,98,25,253337,50,29,0
137,213,94,2016,18,22,88974,241,32,1
138,404,22,1944,6,85,253346,84,7,1
139,280,41,1955,60,36,99769,304,217,1
140,270,28,1955,26,26,36654,485,136,0
141,225,83,1991,12,26,206510,373,103,1
142,490,8,2022,78,36,77221,279,121,1
143,288,71,1975,49,30,106025,258,456,1
144,190,43,1970,53,20,225692,442,183,1
145,471,71,1990,14,88,233327,329,475,1
146,309,27,2010,57,87,190013,355,441,1
147,449,20,1928,90,85,78554,480,316,1
148,81,37,2008,65,98,274840,139,208,1
149,376,79,1978,7,2,72822,111,218,1
150,187,93,1987,38,66,82511,38,482,0
151,86,90,2000,43,10,97573,134,82,0
152,158,86,1988,76,45,220015,6,56,0
153,310,63,1978,81,67,158793,362,230,0
154,337,12,2007,67,29,151656,295,239,0
155,365,55,1920,94,44,116181,437,127,0
156,341,43,1969,20,80,192514,112,160,0
157,31,38,1992,97,47,128386,370,253,0
158,355,70,1998,70,78,83373,424,385,1
159,248,37,2008,35,61,298700,293,137,0
160,137,60,2006,3,77,205720,146,381,0
161,133,54,1944,59,67,232147,481,142,1
162,356,20,1963,96,13,255559,14,233,1
163,120,25,2023,54,45,265136,421,74,0
164,137,29,1959,65,51,60608,313,226,0
165,440,35,1984,21,61,111442,130,26,1
166,411,69,1926,33,17,142563,414,66,1
167,3,4,1932,27,76,51359,446,76,0
168,217,45,2020,55,43,48653,224,57,1
169,500,14,1997,82,25,287460,494,160,0
170,30,52,1936,76,49,216675,196,130,0
171,430,32,1976,34,9,131539,84,92,0
172,54,62,1970,38,16,266238,300,257,1
173,2,6,1945,100,92,211505,112,354,1
174,200,81,1980,20,66,94232,82,233,0
175,92,84,1965,65,93,193182,200,303,0
176,373,70,2014,50,26,108561,403,294,1
177,455,42,1923,38,99,248470,429,50,1
178,381,65,1969,71,96,297781,407,45,0
179,266,89,1943,8,88,35527,136,220,0
180,55,13,1946,55,53,149860,65,261,1
181,402,8,2011,46,55,237294,60,419,0
182,471,34,2004,90,35,86035,258,261,1
183,499,83,2008,22,4,254997,415,213,0
184,190,54,1950,68,26,94307,127,255,1
185,66,27,2004,60,77,250545,366,155,1
186,458,42,1948,20,36,43274,56,426,0
187,364,37,2009,13,90,36280,235,104,0
188,364,32,1936,22,63,251505,159,295,0
189,171,35,1997,27,70,182847,168,287,1
190,272,55,1984,24,89,15208,497,298,1
191,461,34,2023,77,42,12258,110,235,0
192,383,11,1939,8,67,144032,230,314,1
193,427,87,1974,98,67,49763,141,105,1
194,385,70,2018,33,47,43888,137,394,1
195,45,5,1946,27,51,157299,138,31,1
196,271,4,1955,36,95,76156,355,315,0
197,1,87,1942,31,30,160173,107,97,0
198,463,78,1974,55,50,199895,236,320,1
199,227,38,2002,34,37,233386,338,44,0
200,158,8,1948,35,87,196886,475,117,1
201,200,77,1934,87,66,93764,469,45,0
202,268,33,1981,50,6,64821,12,172,0
203,372,45,1990,22,86,288577,178,192,0
204,333,66,1995,49,18,265514,184,220,1
205,230,95,1995,9,66,49874,418,385,1
206,32,25,1963,11,24,31588,57,25,1
207,415,7,2004,52,37,24723,171,12,1
208,436,81,2022,18,30,238862,51,30,0
209,77,14,1942,66,77,27202,483,143,1
210,84,54,1967,73,26,227811,491,241,1
211,195,18,1925,70,33,214269,322,203,1
212,27,17,2004,66,68,26559,50,394,0
213,174,53,1945,86,56,63452,357,284,0
214,129,78,1977,6,89,64207,18,55,1
215,343,34,1949,98,28,22891,456,40,0
216,402,17,1993,4,71,53030,141,471,0
217,468,37,1991,6,27,226034,138,370,0
218,60,73,2001,57,33,191976,35,317,1
219,100,10,1968,19,43,198673,419,500,0
220,424,62,2018,82,96,182548,51,400,0
221,242,28,1937,96,4,131863,457,49,0
222,197,4,1973,10,31,182861,370,330,0
223,205,47,2012,23,88,259025,243,413,0
224,68,2,2009,80,62,92159,446,228,1
225,407,17,1992,72,81,142090,14,164,1
226,223,35,1994,24,1,143688,13,135,1
227,194,37,1937,82,25,130728,215,365,0
228,413,30,1944,87,58,215592,251,357,1
229,176,27,2011,11,72,176688,342,57,0
230,171,45,1978,10,94,272698,210,479,1
231,77,99,1998,28,27,265203,240,423,1
232,75,61,1965,53,12,27753,54,48,0
233,296,18,2020,97,34,138163,124,198,0
234,225,46,1985,43,30,72919,425,483,0
235,32,52,1978,33,85,167261,395,204,0
236,146,90,1931,9,60,41758,313,81,1
237,462,16,2009,63,68,29021,305,484,1
238,145,79,1939,78,62,51541,379,61,1
239,57,55,2000,77,93,265654,175,208,1
240,80,82,1985,97,6,130559,52,248,1
241,224,33,1951,32,54,275523,329,257,1
242,230,25,2004,79,32,216306,40,246,0
243,130,16,1948,33,78,262390,381,117,0
244,280,12,1934,60,15,297032,8,264,1
245,422,92,1957,93,18,43596,66,369,1
246,210,79,1929,15,60,229126,221,137,1
247,130,94,1985,17,61,193976,255,378,1
248,236,4,2023,60,81,122766,490,288,0
249,107,66,1941,35,24,182736,163,309,0
250,441,81,2019,19,56,98966,172,476,0
251,184,59,1982,29,70,171655,90,362,0
252,348,77,1947,64,98,167380,85,204,0
253,14,73,2009,54,88,76394,401,189,1
254,491,47,1993,76,38,193370,291,58,1
255,320,80,1956,78,63,261498,314,310,1
256,270,14,1953,36,55,267922,294,423,0
257,473,33,1998,55,27,206941,223,213,1
258,448,6,1946,40,71,52688,208,430,1
259,121,19,1953,5,17,144304,53,435,1
260,149,93,2017,20,78,102253,221,34,0
261,141,96,1945,96,14,213931,70,339,1
262,159,88,1992,81,69,199544,270,246,0
263,29,73,2008,43,90,106590,460,491,1
264,454,47,1961,66,44,34189,387,158,1
265,270,35,2007,56,70,279720,89,50,0
266,22,15,2018,91,30,211162,136,319,1
267,490,59,2003,90,92,184509,499,158,1
268,153,49,1948,38,11,297290,334,321,0
269,234,36,1923,6,45,21074,44,460,0
270,48,65,1968,82,83,43457,337,357,1
271,293,94,1941,14,3,105109,245,290,0
272,277,39,1971,15,36,169639,337,405,0
273,46,81,2006,22,25,185994,283,127,0
274,391,24,1934,84,29,54183,66,491,0
275,184,19,2023,15,20,90013,101,301,0
276,19,92,1968,24,38,114545,495,432,0
277,220,99,1940,87,31,28766,193,56,0
278,34,69,2013,29,76,115986,243,138,0
279,41,35,2021,89,56,94582,411,135,0
280,57,67,1995,10,89,153534,146,382,1
281,281,1,2000,39,58,263997,435,444,1
282,253,60,1953,40,21,277041,494,433,0
283,421,16,1986,70,91,238218,63,324,0
284,34,10,1980,2,32,111460,256,177,1
285,449,45,2002,23,67,158439,283,248,0
286,92,58,1928,69,14,181409,51,446,0
287,434,26,2009,4,81,122870,126,32,0
288,364,47,2002,63,5,241291,171,399,1
289,292,42,1924,88,58,290358,228,194,1
290,290,54,1950,48,57,244487,330,107,1
291,284,92,1943,70,35,11511,420,87,1
292,434,69,1964,45,57,258540,313,5,0
293,48,9,1992,17,40,156437,62,221,0
294,290,63,2003,32,34,103738,13,249,0
295,311,1,1926,42,7,76773,103,499,0
296,391,74,1999,9,29,120966,333,60,1
297,476,61,1931,89,60,40016,408,297,1
298,68,19,1998,8,50,21125,221,318,1
299,236,1,1931,48,24,254593,193,231,0
300,418,47,1951,48,52,103674,113,18,1
301,50,35,2009,51,56,244849,241,396,1
302,282,15,1936,28,30,250062,497,98,1
303,91,31,2020,93,24,117893,81,264,1
304,475,71,1970,44,63,120241,93,453,0
305,146,83,1949,92,35,85191,171,312,1
306,201,45,2011,32,32,220742,342,450,0
307,260,79,1993,37,98,89014,135,334,1
308,380,94,1922,58,20,210100,14,180,1
309,282,62,2020,38,43,151269,492,29,0
310,279,59,1991,37,39,95628,300,460,0
311,10,41,1969,95,8,199476,391,450,1
312,16,36,1920,33,2,236989,445,136,0
313,221,88,1922,88,26,291365,43,334,0
314,177,62,1938,28,80,138684,481,291,0
315,356,78,2023,96,29,295405,10,251,0
316,322,80,2015,57,100,129262,13,356,0
317,4,93,1961,42,61,50377,375,111,1
318,51,3,1949,66,45,15832,436,197,1
319,384,50,1935,16,95,125294,20,400,0
320,265,12,2002,90,34,26257,499,362,1
321,44,72,1994,45,6,235134,143,192,1
322,49,91,1951,56,50,247467,143,497,1
323,22,49,1942,65,47,256425,264,489,1
324,447,73,2015,76,23,156225,297,328,0
325,429,80,1941,1,66,153231,327,22,0
326,140,21,1920,21,99,38924,26,290,0
327,302,31,1990,7,77,169591,456,128,0
328,360,31,1999,90,12,52088,254,1,0
329,435,57,1989,29,37,39576,395,118,0
330,284,80,2009,69,3,296737,446,50,1
331,351,32,2018,13,18,176785,274,328,1
332,4,27,1985,90,15,14172,24,289,1
333,111,43,2008,89,3,215373,173,428,0
334,398,22,1921,78,8,283320,452,416,1
335,242,76,1998,60,97,155445,452,462,0
336,430,15,1934,58,30,73815,78,119,0
337,210,48,1954,2,46,204751,380,477,0
338,256,83,1931,45,90,15020,251,470,1
339,392,27,1932,82,59,292137,227,287,0
340,63,60,1980,40,38,201525,287,244,1
341,482,1,1922,36,7,259636,45,413,1
342,18,87,1930,74,54,112185,216,319,1
343,68,18,1952,84,23,282787,394,436,0
344,494,9,1929,27,13,243304,126,378,0
345,470,55,1970,55,94,85305,225,444,0
346,276,94,2003,33,73,68549,401,263,0
347,476,91,1928,22,59,177339,135,302,1
348,134,18,2022,80,84,150412,305,185,1
349,316,25,2006,30,56,280933,302,92,1
350,429,80,1939,52,70,194388,478,43,1
351,83,72,2017,27,28,288853,234,382,1
352,432,15,2020,61,8,295344,176,352,1
353,49,15,1937,18,51,180350,442,307,1
354,90,32,2006,88,67,177587,359,327,1
355,269,34,1961,36,28,76551,351,189,1
356,209,12,1954,21,21,280148,108,349,0
357,169,96,1980,87,96,44903,217,89,0
358,183,80,1959,75,51,203006,50,221,1
359,396,66,1935,59,99,48892,337,368,1
360,474,34,1964,43,89,95540,140,380,1
361,213,17,1959,73,21,17037,101,247,1
362,382,76,1940,74,19,134456,444,90,0
363,445,44,1998,78,14,12190,477,432,0
364,279,60,2001,19,99,17964,324,475,1
365,154,17,1992,18,33,250846,306,444,1
366,81,87,2012,62,4,116545,245,68,1
367,387,66,1971,15,28,274522,380,102,0
368,79,55,1968,15,38,127889,252,372,0
369,274,66,1926,84,26,112206,209,494,1
370,337,24,1934,82,18,291861,436,15,0
371,232,79,1923,67,58,110196,297,373,0
372,269,28,1980,55,9,34917,12,297,0
373,305,9,1928,12,7,276540,80,158,0
374,152,77,1955,70,64,45272,357,147,1
375,346,4,2017,37,17,291284,369,387,0
376,134,56,1959,49,33,161205,234,417,0
377,497,72,1932,49,84,222284,35,269,1
378,385,87,1928,4,50,155150,475,148,0
379,422,86,1956,81,38,209880,43,433,0
380,423,26,2021,20,25,292686,95,410,1
381,153,2,1962,63,87,129331,194,43,0
382,244,85,1980,11,3,266503,120,5,0
383,59,27,1922,15,81,278608,155,85,0
384,381,22,1997,8,47,269190,79,332,1
385,33,76,1975,63,20,107572,105,311,0
386,78,43,1987,23,64,163905,254,60,0
387,2,75,1969,81,23,99544,336,494,0
388,270,81,1958,2,82,51999,155,458,0
389,17,62,1937,91,74,297928,204,256,1
390,379,15,1925,100,10,212906,351,10,0
391,322,70,1940,60,97,261661,288,91,1
392,96,80,1962,15,1,220246,60,28,1
393,125,54,1988,19,47,243920,386,346,1
394,64,30,2003,82,33,169689,121,4,0
395,351,82,1933,95,25,175481,58,290,1
396,324,66,1941,66,77,54270,353,74,1
397,299,25,1957,6,28,45817,159,452,0
398,261,24,1975,52,39,273155,118,34,0
399,120,5,2020,70,39,187470,372,6,0
400,122,34,1957,87,43,96378,41,487,1
401,129,50,1932,65,18,43379,430,406,0
402,325,18,1938,42,22,211039,161,406,0
403,301,16,2013,51,24,83569,363,206,1
404,18,55,1986,9,49,93051,182,407,0
405,159,91,1938,71,64,260072,400,287,1
406,130,29,2015,44,100,194633,232,472,0
407,426,11,1963,16,24,227866,298,291,1
408,296,89,1948,45,66,171913,340,497,0
409,112,17,1961,73,10,162569,464,294,1
410,12,51,1996,36,13,77628,286,323,0
411,99,87,1923,63,97,272732,350,91,0
412,214,25,1931,69,73,157919,90,165,1
413,362,44,1947,91,96,235542,400,71,0
414,12,58,1973,38,13,30685,314,36,0
415,194,11,1954,75,90,144173,71,184,1
416,144,22,1978,27,87,40010,359,296,1
417,329,25,1938,67,79,289626,265,31,1
418,431,87,2020,52,69,174789,84,335,0
419,191,69,1981,38,24,72126,375,217,1
420,469,28,2021,55,11,235321,243,128,1
421,381,88,1986,31,12,265013,492,208,0
422,317,29,1976,85,74,100491,494,247,0
423,436,51,2002,65,90,23602,320,461,1
424,119,26,1944,60,69,215708,313,459,1
425,110,89,1992,57,28,24753,419,105,0
426,263,41,1934,57,8,85223,399,379,1
427,411,39,1936,22,95,271227,250,115,0
428,375,49,1923,40,91,181134,8,358,1
429,310,55,1947,73,77,140575,320,98,1
430,160,87,1963,92,64,210857,310,458,1
431,271,61,1972,35,46,124073,14,150,0
432,402,49,1949,8,48,175043,419,111,0
433,273,48,1986,13,21,137710,235,255,0
434,78,14,1962,82,99,213739,58,138,0
435,348,73,1929,50,53,222853,98,85,1
436,330,9,1997,52,29,275759,472,294,1
437,358,99,1998,92,39,12254,111,393,1
438,48,44,2007,16,79,276905,282,349,0
439,382,14,1985,23,1,85581,302,13,1
440,2,63,1960,7,82,24285,404,328,0
441,237,21,1959,15,14,131381,330,105,0
442,489,11,1992,93,89,37701,72,413,0
443,115,44,1921,80,87,100482,171,497,0
444,185,67,1923,75,56,242939,402,178,0
445,257,2,1933,8,84,255707,172,79,0
446,349,86,1966,4,60,254254,260,140,1
447,447,65,1985,54,35,81303,147,212,0
448,4,96,2022,16,89,150728,236,484,0
449,103,6,2017,60,45,195177,28,77,0
450,375,97,1944,5,69,74609,222,215,0
451,442,47,2017,3,48,72322,444,125,0
452,166,81,2006,76,76,35948,237,331,0
453,168,88,1927,2,60,274484,313,156,0
454,13,93,1927,34,15,136100,82,469,0
455,459,97,1986,31,32,235177,473,296,0
456,315,21,1950,84,52,71093,173,83,0
457,445,54,1961,33,76,140349,153,268,1
458,60,52,1969,70,32,290901,377,206,1
459,311,72,1998,42,58,33756,379,155,1
460,111,62,1984,8,36,149858,142,469,1
461,405,61,1971,97,18,111459,319,85,0
462,276,5,1961,24,39,24756,289,236,1
463,441,35,1929,84,90,206888,287,272,0
464,93,10,1969,83,3,124320,41,308,1
465,281,48,1989,47,53,55009,228,75,1
466,420,25,1984,53,21,165954,50,359,1
467,196,56,1974,44,59,198216,369,480,1
468,98,100,1966,15,1,118126,246,394,1
469,446,49,1956,73,99,206017,67,76,1
470,447,79,1985,59,86,123328,25,21,1
471,454,17,1931,66,40,274122,236,102,0
472,297,58,1957,82,96,266780,140,285,1
473,476,1,1995,72,57,139044,25,250,0
474,99,84,2015,92,34,86664,110,344,1
475,235,23,1950,84,98,198359,197,252,0
476,240,71,1961,71,44,33180,262,429,1
477,363,78,1948,73,6,44530,142,245,0
478,62,30,1926,38,61,170039,244,364,0
479,387,37,1970,27,20,177898,215,43,1
480,151,2,1967,8,87,139850,228,414,1
481,191,75,1944,9,36,211201,129,256,1
482,368,53,1990,33,7,168725,71,193,0
483,334,1,1969,85,65,242955,191,243,1
484,384,43,1920,84,2,86623,134,368,0
485,263,100,2000,85,32,232402,495,250,0
486,272,5,1991,20,53,73049,494,410,0
487,25,32,2002,7,74,10372,141,104,0
488,211,89,1975,68,96,233849,245,472,1
489,308,26,2007,38,7,127710,59,301,1
490,343,35,1928,83,63,283820,94,228,0
491,288,28,1944,52,77,241612,282,431,1
492,396,50,1948,43,76,100437,131,393,0
493,114,24,1997,22,25,167419,133,289,0
494,278,65,2006,31,90,259984,72,442,0
495,378,6,1987,60,73,264722,245,331,0
496,207,18,1987,38,68,106557,419,54,1
497,13,84,2019,3,36,102921,437,291,0
498,464,27,2017,82,88,116806,79,203,1
499,277,88,1920,88,42,24362,72,235,0
500,496,86,1943,86,31,136380,453,410,0
501,219,9,1995,62,37,88073,66,125,0
502,117,2,2009,77,47,82672,494,161,0
503,352,64,2001,35,45,24764,496,380,1
504,486,53,2010,49,24,39045,307,191,1
505,263,91,1998,74,53,34671,381,275,1
506,332,88,1969,86,74,107997,27,406,0
507,85,47,1995,37,99,228038,284,176,1
508,147,48,1997,65,41,31296,77,27,0
509,18,52,2006,96,37,103861,452,441,1
510,229,69,1981,20,68,280535,127,373,0
511,277,72,1952,75,42,160505,151,434,1
512,105,5,1965,68,17,245791,427,116,1
513,411,33,2004,68,92,226287,25,349,1
514,14,87,1974,72,53,14044,108,320,0
515,185,86,1962,39,29,96434,218,203,0
516,16,27,2020,34,87,40930,392,319,1
517,440,72,1927,29,56,24920,185,172,1
518,351,18,1963,29,46,65467,300,382,0
519,141,90,1970,96,22,75539,43,339,0
520,88,17,1959,50,64,32830,464,463,1
521,195,67,1991,98,18,42619,157,109,1
522,137,31,1931,87,4,286523,291,302,1
523,181,33,1972,76,7,185342,49,164,0
524,54,52,1995,75,51,46077,266,449,0
525,105,54,1932,87,44,294142,212,271,1
526,343,3,1973,90,53,32958,146,117,1
527,174,5,1939,42,47,177552,216,258,0
528,247,99,1927,73,33,259026,460,113,0
529,191,14,2023,31,94,258812,23,328,1
530,125,74,1964,36,91,125065,409,374,1
531,186,92,1927,51,7,271872,141,244,0
532,405,18,2004,95,74,282980,268,196,1
533,419,79,1952,86,56,100465,470,169,0
534,82,62,1932,35,52,27860,350,356,1
535,413,20,1943,14,90,172454,355,195,0
536,373,25,2013,93,85,119390,251,391,1
537,74,20,1965,72,53,39627,69,256,0
538,103,2,1935,55,31,277408,323,341,1
539,271,77,2006,53,89,116195,317,4,0
540,159,11,1985,34,61,26101,338,343,1
541,197,14,2018,8,4,16533,372,351,1
542,53,95,1980,56,83,68639,192,99,1
543,486,3,1953,24,9,204065,178,193,1
544,218,41,1936,53,88,172319,244,308,0
545,411,61,1946,87,47,20842,407,184,1
546,233,83,1936,82,35,119855,492,211,0
547,217,86,1976,3,44,229223,413,200,0
548,251,78,1930,65,61,206562,326,350,1
549,430,67,1986,66,7,199773,384,248,1
550,101,7,1920,68,20,86975,73,380,1
551,217,58,2009,41,88,102716,78,56,1
552,397,78,1929,27,12,36329,445,284,0
553,410,7,2023,11,67,133370,41,263,1
554,458,87,1969,39,68,284514,427,263,0
555,196,5,2007,52,27,250938,47,20,0
556,235,85,1965,43,13,119846,480,329,0
557,315,65,1933,40,26,229452,341,85,1
558,243,43,1984,41,16,236174,308,25,1
559,185,59,1999,29,93,220624,376,302,1
560,239,2,1959,23,89,293632,174,437,1
561,344,100,1976,77,43,299323,238,172,0
562,488,98,1942,65,10,185731,429,101,1
563,186,1,1930,74,15,214836,451,375,0
564,471,48,1990,97,100,40719,77,409,0
565,446,84,1978,92,92,125486,10,96,0
566,161,20,1958,36,66,149795,366,439,0
567,102,65,1960,33,80,83583,479,445,1
568,420,95,1937,23,27,113659,313,472,0
569,391,86,2015,86,12,47312,156,273,0
570,163,34,2004,60,35,148096,359,364,1
571,129,87,1966,17,47,260834,363,196,0
572,36,66,1954,61,53,272352,383,167,0
573,262,49,2018,7,10,170352,48,88,1
574,402,84,1978,65,75,288404,87,300,0
575,200,90,1946,34,28,261622,272,109,1
576,197,85,1974,40,4,203906,62,17,0
577,451,15,1987,5,34,148776,38,45,1
578,481,74,1993,51,5,129090,441,150,0
579,440,11,1947,94,58,189422,443,277,1
580,345,74,1952,13,61,91747,213,211,0
581,222,5,1981,39,7,266831,459,222,1
582,464,1,1949,39,87,226053,308,245,0
583,78,75,1987,26,92,44047,120,220,0
584,6,42,1993,24,2,41113,36,276,0
585,373,65,1962,37,52,257971,388,134,0
586,60,7,2017,4,17,139468,17,421,1
587,395,21,1953,95,47,127179,113,27,1
588,180,61,1935,50,6,62325,392,262,0
589,363,79,1975,22,56,225732,182,365,0
590,276,16,1993,96,86,164599,310,51,0
591,65,24,2011,84,99,21316,278,443,0
592,47,29,1988,63,44,255578,159,125,1
593,10,52,1929,94,30,171844,125,66,0
594,146,83,1988,69,22,293269,257,455,0
595,270,68,1944,16,62,192808,420,423,0
596,183,59,1973,17,96,28398,170,125,1
597,262,63,1947,60,97,296761,122,80,1
598,402,46,1958,12,25,165364,288,329,1
599,429,7,1946,66,80,223049,212,490,0
600,156,13,2006,47,1,163376,214,1,0
601,433,82,1979,32,38,15682,339,221,0
602,412,85,1927,90,27,284907,481,498,0
603,297,82,2000,61,83,261418,422,283,0
604,260,20,1991,70,62,216554,248,167,1
605,20,60,1956,94,11,57320,192,31,0
606,113,80,1981,97,13,121446,83,472,0
607,193,2,1993,43,55,193373,110,498,0
608,51,90,1971,30,13,86269,334,52,1
609,339,40,1923,2,45,18077,144,106,1
610,312,4,1990,72,22,230120,158,153,1
611,469,18,1997,49,41,71262,345,176,1
612,488,46,2021,36,27,28774,219,316,0
613,378,89,1947,26,70,262226,114,200,1
614,86,90,1990,56,93,233439,497,163,0
615,275,71,1958,28,25,38455,59,288,0
616,248,23,2020,98,33,211607,189,489,0
617,373,46,1965,23,75,248924,169,494,0
618,179,64,1964,85,82,277783,495,308,1
619,461,48,2011,29,81,128284,229,251,0
620,8,47,1995,2,67,114656,274,209,1
621,448,60,1945,72,78,61275,176,61,1
622,240,25,1998,27,96,159176,179,174,0
623,426,49,1991,14,77,58352,360,331,0
624,255,76,1978,10,13,49399,100,493,0
625,65,21,2003,49,97,10140,369,132,1
626,446,95,1960,50,56,194847,303,129,0
627,215,26,1972,61,63,260848,443,50,0
628,464,43,2020,83,23,11949,117,128,1
629,371,41,1984,56,64,122833,247,459,0
630,31,18,1976,37,80,161843,160,280,1
631,66,79,1990,37,40,33050,421,467,0
632,110,3,1981,70,30,166000,174,13,0
633,41,31,1946,76,100,117616,364,450,1
634,93,99,1996,75,11,32983,237,373,1
635,433,9,2022,25,68,144289,474,251,1
636,78,15,2008,66,81,110796,106,286,1
637,257,38,1970,37,35,21682,301,447,0
638,83,20,2011,95,43,54938,347,12,1
639,399,27,1988,16,1,223042,83,151,0
640,311,97,2022,75,46,219662,419,310,1
641,156,99,1964,59,58,10866,456,184,1
642,201,75,1953,69,9,257902,285,88,0
643,204,86,1939,6,30,296414,304,27,0
644,20,81,1973,13,57,181118,133,469,1
645,301,8,2016,72,96,175192,232,389,0
646,245,40,1983,36,46,272842,94,6,0
647,47,67,2012,23,51,67287,318,303,0
648,440,93,1928,94,59,102067,428,464,1
649,169,96,2006,96,2,220690,194,80,1
650,23,10,1958,18,72,25160,450,400,0
651,25,61,1964,43,74,210828,327,301,0
652,474,54,1972,45,77,63969,244,188,1
653,333,73,1995,70,98,108982,108,119,1
654,69,98,1925,61,77,273439,497,159,0
655,334,86,1993,7,38,278015,80,9,1
656,168,78,1988,44,53,242338,355,436,1
657,232,9,1960,24,81,10025,434,493,0
658,45,37,2014,48,55,232618,138,123,1
659,21,59,1949,26,94,181301,249,128,1
660,147,93,2000,26,26,19215,314,28,1
661,422,42,1936,71,84,153896,301,186,1
662,162,85,1944,9,18,271373,222,193,1
663,1,58,1991,16,99,262912,282,75,0
664,18,31,2010,75,84,268437,153,429,1
665,469,95,1948,50,13,247133,419,22,1
666,239,49,1922,100,95,289820,10,33,1
667,212,33,1927,73,5,59385,442,48,1
668,106,41,1922,97,47,11144,316,20,0
669,255,85,1975,40,77,293751,43,170,0
670,279,88,2004,5,82,114795,36,196,0
671,238,98,1922,70,86,122373,40,93,0
672,168,6,1964,93,36,24640,180,238,1
673,265,81,1986,64,48,149572,223,260,1
674,255,82,1996,48,45,257034,482,340,0
675,365,94,2008,22,13,91088,311,122,0
676,113,1,1961,58,99,61621,94,344,1
677,46,82,1976,98,70,28218,467,192,0
678,393,54,1974,77,4,59031,405,82,0
679,418,89,1963,41,12,60024,472,426,1
680,444,68,1953,39,48,41417,382,307,0
681,429,81,2010,95,100,280998,183,296,0
682,343,91,1960,47,49,242476,201,433,0
683,56,22,2006,75,43,244510,321,273,0
684,156,34,1930,72,52,289764,111,19,1
685,282,28,1965,95,4,75752,322,56,1
686,114,88,1977,35,45,19296,374,7,0
687,363,38,1977,74,50,147295,166,411,1
688,183,8,2021,59,56,123318,307,53,0
689,406,76,1965,99,30,257415,391,7,1
690,98,42,1948,49,69,100388,133,220,1
691,83,25,1994,66,81,60012,165,7,0
692,199,63,1957,47,17,111805,418,458,0
693,338,89,1963,29,33,190995,175,169,0
694,411,10,1926,88,67,149345,451,237,1
695,225,29,1988,44,68,224668,127,370,0
696,91,9,1920,52,10,42156,250,425,0
697,409,31,1951,30,76,230278,446,230,1
698,269,67,1972,18,26,242041,467,488,0
699,479,98,2008,30,70,154587,118,135,1
700,464,40,2001,64,94,53370,393,287,1
701,136,100,2003,92,81,285328,484,484,0
702,273,95,1986,91,39,186282,127,181,0
703,42,93,1976,85,41,278119,215,432,1
704,194,11,2018,6,22,289889,253,193,1
705,374,77,1972,93,61,236501,353,316,0
706,330,52,1991,62,73,33788,253,261,1
707,486,95,1997,98,37,160122,86,335,0
708,111,89,1994,54,49,13381,418,106,0
709,266,33,2021,81,48,205978,407,420,0
710,283,98,2022,68,95,174527,131,311,0
711,137,84,1969,39,32,225384,244,236,1
712,290,52,2008,71,81,267463,313,251,1
713,350,89,2022,76,49,144628,111,120,0
714,442,19,1954,95,62,19139,373,367,0
715,211,56,1966,12,97,147666,188,429,0
716,437,54,1957,40,41,171530,380,385,0
717,175,75,1966,51,24,206651,167,218,1
718,291,54,1950,42,70,281635,134,116,1
719,314,26,2008,19,19,132236,441,431,1
720,20,49,1926,51,91,194198,25,430,1
721,364,64,1953,37,68,129285,26,356,1
722,423,35,2010,26,97,151672,327,86,0
723,305,74,1944,30,59,238050,341,94,0
724,453,100,1996,26,76,174861,72,238,0
725,210,53,2009,61,58,172844,436,254,1
726,454,39,1921,71,81,129127,454,306,0
727,69,63,2001,78,78,76130,337,462,1
728,41,77,1922,74,71,232213,179,98,1
729,155,48,1939,45,70,21831,265,384,0
730,269,18,1964,9,50,206381,149,497,0
731,441,39,1985,99,84,43472,242,383,1
732,341,87,1988,76,36,175989,73,227,1
733,434,8,1958,37,13,85795,43,430,1
734,176,25,1944,69,72,242227,206,111,0
735,180,28,2022,54,5,92463,461,496,0
736,370,85,2003,44,2,17723,258,437,0
737,384,85,2001,45,12,70209,151,319,1
738,379,60,2008,18,16,284408,130,369,1
739,489,50,1922,23,41,85454,235,38,1
740,484,46,1930,33,86,104759,392,482,0
741,40,87,2022,81,97,182882,56,40,0
742,261,66,1929,1,26,237378,275,38,1
743,131,82,1953,1,19,200377,429,225,1
744,141,64,1921,6,39,161482,65,399,0
745,154,38,1973,31,2,71860,43,187,0
746,144,26,1931,90,71,281902,165,65,1
747,416,50,1948,50,94,40563,469,221,1
748,86,11,1920,94,39,18465,438,291,0
749,24,11,2004,17,14,86750,264,47,1
750,81,67,1959,5,12,30849,234,82,0
751,479,9,1939,59,8,185521,475,261,0
752,154,48,1981,22,34,117428,101,44,1
753,234,76,1953,9,95,268003,43,150,0
754,471,5,1984,31,22,238377,125,18,1
755,15,30,1991,70,92,99810,173,192,1
756,459,47,1996,69,99,153775,337,163,0
757,136,75,1986,41,9,247780,371,194,0
758,152,10,2018,36,77,159506,112,126,1
759,377,26,1992,38,51,257391,225,368,0
760,499,86,2005,48,75,140615,402,435,1
761,13,86,1952,32,25,141387,122,88,1
762,231,65,1953,98,45,46976,249,140,1
763,335,23,1968,58,26,263341,101,267,1
764,77,43,1966,8,29,179592,236,124,1
765,292,100,1945,65,46,295042,128,225,1
766,409,70,1977,95,46,80260,74,10,1
767,36,32,1980,23,93,152753,351,493,0
768,326,87,1982,31,100,156908,214,279,0
769,177,62,1970,90,60,158034,360,235,0
770,100,98,1965,33,51,53808,377,202,0
771,212,28,1959,64,78,27176,11,58,1
772,168,77,2009,48,44,143336,229,376,0
773,58,76,1929,12,13,101043,153,417,0
774,395,38,1962,29,14,86189,298,321,0
775,111,96,1933,99,7,267509,327,281,1
776,299,57,1942,52,47,181766,21,91,0
777,452,51,1964,74,13,138042,193,53,0
778,220,66,1920,82,75,93379,333,476,0
779,310,76,1962,21,43,42892,100,168,0
780,353,72,2017,51,81,101437,316,28,1
781,94,94,1997,8,83,210089,469,91,0
782,495,41,1924,59,23,62930,12,284,1
783,488,16,2007,73,47,116551,227,210,0
784,370,46,2022,26,66,215809,44,205,0
785,264,93,1948,16,85,43584,391,133,1
786,15,26,1948,98,80,256553,43,110,1
787,396,24,1961,27,12,284741,126,452,1
788,386,97,1973,84,60,111600,187,236,0
789,305,19,1924,18,96,85767,197,290,1
790,164,42,1928,10,33,98537,155,371,0
791,147,72,1936,29,96,298779,469,250,0
792,166,69,1975,60,18,17216,411,287,1
793,294,2,1926,53,11,183880,79,234,1
794,490,31,1926,2,95,209711,4,233,1
795,309,7,1972,74,41,217777,267,256,1
796,396,18,1942,61,12,208990,342,78,1
797,235,84,2021,35,82,165689,270,62,0
798,387,76,2017,40,53,165328,468,223,0
799,213,72,1945,86,52,183335,114,447,0
800,231,5,1999,63,15,216364,495,202,0
801,15,42,1940,67,21,39497,489,358,1
802,129,95,1930,50,15,139431,129,465,0
803,249,46,1942,4,50,16411,325,47,0
804,341,79,1956,94,9,243709,386,303,1
805,206,30,1940,32,78,205335,67,468,0
806,482,76,1926,53,5,150817,299,337,0
807,308,95,1951,75,8,98910,376,353,1
808,467,81,1994,9,67,201491,91,65,1
809,68,3,1949,56,14,79562,50,296,0
810,465,56,1965,57,10,93004,257,403,1
811,248,65,1960,90,48,154617,44,451,0
812,397,79,2007,51,42,146833,459,446,0
813,475,69,1977,1,73,69829,306,43,0
814,276,73,2021,67,66,38995,168,286,0
815,492,7,2014,1,38,46691,96,416,1
816,414,69,2008,16,50,44022,239,368,0
817,242,100,1920,35,33,192191,375,399,1
818,64,82,1952,18,10,164581,95,120,1
819,236,50,1981,31,41,125155,82,140,1
820,215,26,1926,5,78,23747,171,162,1
821,299,82,1993,10,35,232907,299,414,1
822,330,32,1967,97,58,118719,87,26,0
823,414,66,1957,16,72,83834,16,123,1
824,341,3,1931,13,96,236321,465,236,1
825,325,40,1996,78,84,189652,299,104,1
826,162,30,1920,3,55,30433,343,362,0
827,267,48,1976,38,23,129980,182,474,1
828,345,80,2005,38,66,109744,351,418,1
829,391,19,1960,79,34,203847,462,244,1
830,455,27,1994,37,95,164236,116,380,0
831,49,72,1954,56,56,266318,136,313,0
832,491,6,1974,28,87,201735,497,440,0
833,277,35,1981,39,44,289007,420,101,0
834,273,61,1961,49,48,260618,361,111,1
835,229,44,1970,88,50,246047,133,400,0
836,101,79,2006,82,68,270817,252,417,0
837,269,91,1927,54,74,16505,95,29,1
838,266,95,1982,85,13,145891,382,6,1
839,373,17,1925,66,37,35509,483,489,0
840,173,57,1953,32,59,269165,42,192,0
841,237,29,1957,98,45,155320,310,80,0
842,432,15,1971,38,74,18397,461,413,1
843,354,75,1966,86,88,82286,134,17,0
844,320,41,1932,67,85,139668,221,395,0
845,476,27,2006,64,24,221878,477,485,0
846,180,44,1969,17,29,84405,472,89,1
847,276,84,1998,3,97,196754,4,247,1
848,438,53,1934,4,16,105839,471,295,1
849,288,47,1974,68,83,170590,272,268,1
850,135,38,1943,99,71,252340,211,146,0
851,492,65,1991,85,74,36829,26,415,1
852,56,86,1982,25,73,50167,330,196,1
853,288,71,1937,41,74,182944,83,194,1
854,349,47,1997,4,29,129354,387,462,1
855,86,76,1979,27,69,144964,420,230,0
856,181,13,1925,7,21,77157,445,85,0
857,331,62,1997,7,7,257885,183,131,1
858,329,83,1965,86,17,109515,180,220,0
859,89,58,2015,96,16,68243,23,322,1
860,376,59,2019,41,58,55069,337,449,1
861,321,77,1920,79,23,297619,433,341,1
862,2,41,1950,35,51,118323,65,408,0
863,263,87,1939,21,37,258643,242,481,0
864,398,51,1944,74,47,178730,311,209,0
865,55,57,2007,17,88,143335,324,106,1
866,25,68,1972,80,54,68633,97,62,1
867,482,47,2011,59,28,19167,403,69,1
868,201,78,1923,99,61,219777,113,118,1
869,223,31,1948,56,37,18384,376,235,0
870,239,27,1922,19,65,28793,79,356,0
871,467,5,1992,54,90,284133,173,382,1
872,146,87,1993,49,66,282002,497,155,1
873,39,13,1952,70,68,66231,453,496,0
874,418,17,1926,1,16,296676,379,306,0
875,240,78,2001,23,89,217307,132,239,1
876,409,90,1946,25,75,12540,453,432,0
877,428,95,2000,98,21,96303,380,239,1
878,21,71,2013,97,58,111571,332,264,1
879,383,74,1944,3,98,29987,87,150,0
880,167,9,1949,70,62,229678,22,97,1
881,226,21,1939,55,58,175161,142,311,1
882,364,71,1960,18,65,144716,98,120,1
883,235,11,2000,73,45,33543,75,450,1
884,240,56,2003,77,79,122949,38,145,0
885,97,67,2021,31,21,258625,59,485,1
886,286,65,1998,18,73,252995,361,193,0
887,229,40,2007,98,86,239176,20,381,0
888,241,1,1989,41,29,215531,446,12,0
889,219,97,1924,50,67,51113,471,177,0
890,66,5,1931,34,91,69999,405,376,0
891,55,40,1999,12,33,180638,314,445,0
892,277,23,1978,43,85,173460,449,346,0
893,9,54,1984,68,26,128801,130,159,1
894,74,51,1967,93,27,64682,213,351,0
895,208,25,2011,41,70,290000,334,445,0
896,389,71,1938,47,21,85889,438,182,0
897,323,79,1954,10,10,79377,113,86,0
898,2,40,1927,78,72,255582,248,312,1
899,404,15,1960,24,98,45042,270,172,1
900,323,49,1985,92,85,238134,311,418,0
901,437,71,1989,15,54,21647,144,326,0
902,55,73,1969,88,41,242766,176,464,1
903,441,58,1950,54,28,112041,140,456,1
904,342,73,1922,72,45,279146,376,418,0
905,494,1,1992,1,25,99166,276,480,1
906,356,40,1938,65,69,205261,83,97,1
907,32,77,1967,27,70,31413,292,196,0
908,337,55,1926,86,34,68719,272,401,1
909,110,24,1940,3,52,236219,499,305,1
910,45,6,2002,92,57,217932,449,51,0
911,219,34,1967,27,76,23436,438,481,0
912,409,84,1929,66,35,185367,320,349,1
913,165,22,2007,73,91,298367,443,313,0
914,46,79,1928,50,22,131193,84,18,1
915,266,36,1933,91,90,86230,126,71,0
916,196,13,1999,6,78,211494,86,59,0
917,211,64,2001,27,95,76786,124,152,0
918,418,4,1964,87,37,11021,97,59,0
919,406,19,2023,33,2,13385,223,208,0
920,108,98,1951,73,29,224309,86,222,0
921,75,20,2006,76,38,258921,410,199,1
922,80,14,1940,6,90,75871,312,173,1
923,441,18,1953,79,67,177504,453,287,1
924,304,84,1979,14,66,119703,19,158,0
925,408,61,1987,20,58,145730,313,348,0
926,362,31,1957,98,52,217960,26,302,1
927,348,23,2019,8,46,63338,486,192,0
928,494,86,2010,7,46,226959,477,388,0
929,432,4,1935,53,99,100955,225,24,0
930,90,98,1921,34,66,116152,460,134,1
931,309,54,1966,81,26,200695,147,421,0
932,460,34,1959,11,53,107273,57,16,1
933,223,25,2017,5,63,66571,305,406,0
934,25,97,1940,82,84,289037,125,441,0
935,206,47,2014,60,2,114129,384,227,0
936,400,91,1931,44,43,114871,427,271,0
937,20,70,1974,60,41,31130,390,130,1
938,328,36,1963,67,7,157781,441,442,0
939,445,83,1983,34,6,18025,449,444,1
940,440,6,2008,95,16,166591,370,482,1
941,298,32,2023,78,44,38643,254,273,1
942,206,93,1923,72,9,39128,8,383,0
943,470,32,1927,62,81,153425,49,210,1
944,10,4,1937,69,38,282665,314,320,0
945,484,45,1986,92,66,133734,430,390,1
946,28,100,1968,42,44,196883,435,248,1
947,148,11,1961,68,33,62645,199,242,0
948,88,46,1969,36,65,207506,127,363,1
949,204,15,2010,67,61,206873,282,120,1
950,76,50,2002,75,79,27229,249,292,0
951,475,71,2004,18,84,222021,260,370,1
952,38,60,1997,78,27,205453,370,170,0
953,487,12,1981,12,43,188445,306,382,0
954,297,11,1955,20,78,236625,225,253,0
955,304,42,2004,72,79,71909,450,302,1
956,245,71,1978,38,33,49361,436,418,0
957,384,94,1998,100,65,110798,81,160,1
958,88,29,1933,61,52,242671,174,379,0
959,247,45,1989,9,16,37767,212,479,0
960,13,97,1950,49,62,251740,411,295,1
961,376,57,1979,18,79,273286,373,401,1
962,11,39,1952,29,96,110263,416,319,0
963,351,90,1942,37,66,99522,310,373,0
964,258,67,1930,20,65,282644,488,105,0
965,115,88,1990,62,51,199079,295,7,1
966,494,20,1974,38,46,244371,325,100,1
967,150,15,1943,47,49,271852,453,482,1
968,123,89,1980,64,32,90666,480,378,1
969,310,68,1986,74,74,176621,90,258,1
970,470,78,1977,10,94,23556,287,397,1
971,132,54,1985,87,86,29738,381,381,1
972,23,21,1964,44,21,238598,488,333,1
973,73,77,1948,51,55,269539,182,45,1
974,196,16,1935,6,74,142027,97,31,1
975,197,96,1934,40,1,277914,379,114,1
976,178,86,1985,65,80,239062,272,78,0
977,35,35,2020,67,2,214068,451,334,1
978,384,68,2013,15,43,130211,309,411,1
979,267,82,2009,9,99,173591,93,2,0
980,249,3,1946,18,25,261818,480,87,1
981,463,99,1984,40,49,191710,25,198,1
982,385,100,1947,79,90,217746,361,12,0
983,399,37,1936,4,5,73316,407,170,1
984,365,65,2000,92,94,126864,341,241,1
985,357,12,2023,59,28,39637,342,62,0
986,77,8,1963,3,33,265797,138,16,1
987,158,50,2010,15,80,97747,57,205,0
988,377,36,1976,87,62,185748,146,258,0
989,74,46,2016,71,37,164086,14,460,1
990,86,42,2001,63,19,163213,398,449,1
991,287,32,1932,82,92,234334,312,10,0
992,452,60,1966,97,12,86026,272,355,1
993,273,73,1988,21,13,167439,210,288,0
994,248,35,1977,59,78,37196,484,1,0
995,117,14,1967,51,75,293362,6,338,0
996,368,15,1934,72,26,161625,249,405,0
997,355,15,1985,19,44,146933,393,16,1
998,390,77,1955,67,20,227665,19,432,1
999,396,16,1922,39,10,199490,163,165,1
1000,291,15,1966,62,55,164147,238,60,0
